22991700	telfer manlift sepetli platform kule vinç mobil vinç hiyap
24101500	istif makinesi akülü istifleyici clark
24101600	transpalet caraskal ceraskal lift kaldırma platformu
40151600	hava kompresörü vidalı kompresör pistonlu kompresör
23271400	inverter kaynak gazaltı mig mag tig elektrot punta kaynak
27111500	matkap hilti kırıcı delici breaker el aleti avuç taşlama spiral
26111600	jeneratör agregat dizel jeneratör benzinli jeneratör
30991900	baret iş eldiveni emniyet kemeri iş ayakkabısı koruyucu gözlük toz maskesi kulak tıkacı yüksekte çalışma
39991500	elektrik panosu dağıtım panosu sayaç panosu sac pano
39991600	şalter kesici sigorta kontaktör röle otomat kaçak akım rölesi
26121600	nyaf nym ttr enerji kablosu zayıf akım kablosu
31211500	epoksi boya antipas astar son kat
15121500	madeni yağ hidrolik yağ motor yağı şanzıman yağı
15121900	gres yağı
31171500	bilyalı yatak masuralı yatak keçe
40141600	küresel vana kelebek vana sürgülü vana çekvalf valf aktüatör
40151500	santrifüj pompa dalgıç pompa hidrofor devirdaim
30991500	cephe iskelesi flanşlı iskele h tipi iskele mobil iskele
30991600	panel kalıp tünel kalıp kalıp kirişi tela
31151500	çelik halat sling halatı
24991500	rigging sling polyester sapan zincir sapan gergi kayışı
39111600	projektör sokak aydınlatma armatürü
43211500	laptop notebook masaüstü bilgisayar pc
43212100	printer lazer yazıcı mürekkep püskürtmeli
40101500	fan aspiratör klima santrali hvac kanal tipi
22991500	beton pompası transmikser beton vibratörü perdah makinesi
30111500	hazır beton çimento harç şap
44111900	yazı tahtası beyaz tahta mantar pano
11991501	paslanmaz boru inox aisi 304 316 dikişsiz seamless krom boru
11991502	paslanmaz sac inox levha 304 316 desenli plaka
11991503	paslanmaz lama mil çubuk krom kare
11991504	paslanmaz civata somun pul inox bağlantı elemanı
11991601	galvaniz sac dkp rulo sıcak daldırma çinko
11991602	galvaniz boru profil kutu direk
11991603	galvaniz kaplama sıcak daldırma daldırma hizmet
11991701	alüminyum profil sigma ekstrüzyon alimünyum
11991702	alüminyum sac levha rulo plaka alimünyum
11991703	alüminyum boru kutu profil alimünyum
11991801	siyah boru dikişli dikişsiz çelik erw spiral
11991802	sac hrp crp dkp levha rulo siyah sac
11991803	lama köşebent npu ipe hea heb profil kiriş çelik
11991804	inşaat demiri nervürlü hasır çelik betonarme filiz
23991701	cnc torna tornalama torna işleme parça imalat
23991702	cnc freze işleme merkezi frezeleme dik yatay
23991703	cnc taşlama honlama silindirik yüzey
23991704	erozyon edm tel erozyon dalma wire cut
23991801	lazer kesim fiber lazer sac kesim boru kesim
23991802	plazma kesim oksijen alevle kesme
23991803	su jeti waterjet abrasive kesim
23991804	abkant büküm press brake şekillendirme
23991805	punch cnc delme sac delik zımba
23991901	enjeksiyon kalıp plastik kalıbı mold kalıpçılık
23991902	sac kalıp progresif metal kalıp transfer kalıp
23991903	döküm modeli maça kalıp model imalat
23992001	kaynak teli elektrot gazaltı özlü tel argon sarf
23992002	kaynak makinesi mig tig örtülü inverter punta
23992003	robot kaynak otomatik kaynak fikstür hizmet
31991501	redüktör dişli kutusu reduktor gearbox helisel sonsuz planet
31991502	kaplin kavrama şaft bağlantı elastik kaplın
31991503	kayış kasnak zincir dişli triger v kayışı konveyör
31991504	lineer kızak vidalı mil rulmanlı yatak lineer hareket rulman
31991601	hidrolik hortum rakor bağlantı yüksek basınç presli
31991602	hidrolik silindir piston kriko teleskopik
31991603	hidrolik pompa valf dağıtıcı hidromotor
31991604	hidrolik güç ünitesi power pack hidrolik ünite
31991701	pnömatik silindir aktüatör havalı piston pnomatik
31991702	pnömatik valf şartlandırıcı regülatör pnomatik
31991703	pnömatik hortum bağlantı fitting poliüretan pnomatik
31991801	oring o-ring keçe sızdırmazlık conta salmastra gasket
31991802	titreşim takozu kompansatör körük damper amortisör
39992001	servo motor servo sürücü driver enkoderli
39992002	frekans invertörü vfd hız kontrol sürücü inverter
39992003	elektrik motoru asenkron trifaze monofaze fan motoru
39992004	motoredüktör redüktörlü motor gearmotor
39992101	kablo kanalı tava kablo taşıma sistemi
39992102	kablo merdiveni askı konsol
30991904	iş ayakkabısı iş güvenliği ayakkabısı çelik burunlu bot güvenlik ayakkabı
30991901	baret kask kafa koruma güvenlik bareti
30991902	iş eldiveni koruyucu eldiven deri eldiven nitril
30991903	emniyet kemeri paraşüt tipi lanyard yaşam hattı
30991906	toz maskesi solunum maskesi ffp2 ffp3 respiratör
24991505	caraskal ceraskal zincir palanga el vinci manuel vinç
24991502	zincir sapan zincir palanga kaldırma zinciri
78000000	taşıma taşımacılık nakliye nakliyat sevkiyat depolama antrepo kargo kurye posta gümrükleme transportation transport shipping freight storage warehousing mail services перевозки транспорт доставка хранение склад почта услуги транспорта хранения почты
46000000	iş güvenliği isg iş sağlığı ve güvenliği kişisel koruyucu donanım kkd koruyucu ekipman emniyet yangın yangın söndürme yangın güvenliği güvenlik sistemleri workplace safety occupational safety ppe personal protective equipment fire protection fire safety security охрана труда сиз средства индивидуальной защиты пожарная безопасность
# SEKTÖR 46 "İş Güvenliği ve Yangın Ekipmanları": görünür aileler ve sınıflar (elle, 2026-10-10).
# Sektör, sözlük üretilirken gizliydi: üretilen dosyada 46 satırı yok. Sektör satırı seçicilerde yalnız
# ADIYLA eşleşir; aile ve sınıf bu satırlardan da bulunur (kkd, isg, ppe, сиз, çelik burunlu, yangın tüpü ...).
# Kural: her sözcük o dalın gerçek yapraklarına uyar. Silah / askeri / kolluk sözcüğü ve gizli dalların
# (4610-4615, 4620, 4622, 461825) konusu YAZILMAZ; gizli koda satır açılmaz (kilit: seed-category-guard.spec).
46160000	trafik güvenliği yol güvenliği can kurtarma arama kurtarma road safety traffic safety water rescue search and rescue безопасность дорожного движения спасательное снаряжение
46161500	trafik güvenliği yol güvenliği trafik konisi trafik dubası delinatör hız kesici kasis trafik lambası trafik ışığı sinyalizasyon ikaz lambası flaşör kollu bariyer otopark bariyeri mantar bariyer trafik babası emniyet şeridi yol butonu trafik aynası plaka tanıma traffic cone speed bump road barrier bollard barrier gate дорожный конус шлагбаум дорожные ограждения светофор
46161600	can yeleği can simidi cankurtaran yeleği cankurtaran simidi şamandıralı halat havuz alarmı havuz güvenliği life jacket life vest lifebuoy life ring спасательный жилет спасательный круг
46161700	arama kurtarma kurtarma seti hidrolik kesici hidrolik ayırıcı atlama yastığı atlama minderi kurtarma yastığı canlı arama kapalı alan kurtarma acil durum ekipmanı iniş ipi search and rescue rescue tools hydraulic cutter jumping cushion аварийно спасательное оборудование спасательный инструмент
46170000	güvenlik sistemleri elektronik güvenlik alarm ve kamera sistemleri security systems electronic security системы безопасности технические средства охраны охранные системы
46171500	asma kilit kapı kilidi kilit bareli silindir elektrikli kilit manyetik kilit kartlı kilit şifreli kilit çelik kasa para kasası anahtarlık anahtar dolabı kapı zinciri padlock door lock lock cylinder safe box key cabinet навесной замок дверной замок сейф ключи
46171600	güvenlik kamerası kamera sistemi ip kamera dvr nvr kayıt cihazı alarm sistemi hırsız alarmı siren hareket sensörü hareket dedektörü gaz dedektörü gaz alarm cihazı kapı dürbünü kapı zili tümsek ayna ışık perdesi kartlı geçiş geçiş kontrol sistemi security camera cctv burglar alarm motion sensor gas detector access control видеонаблюдение камера видеонаблюдения охранная сигнализация датчик движения газоанализатор скуд
46171700	araç giriş kontrolü araç giriş çıkış kontrolü otopark giriş kontrolü otopark geçiş sistemi park izni otopark kartı araç giriş kartı parking permit car park access пропуск на парковку контроль въезда автомобилей
46180000	kkd kişisel koruyucu donanım kişisel koruyucu ekipman kişisel koruyucu malzeme isg iş sağlığı ve güvenliği isg malzemeleri iş güvenliği malzemeleri iş güvenliği ekipmanları ppe personal protective equipment safety gear сиз средства индивидуальной защиты охрана труда
46181500	kkd iş güvenliği iş kıyafeti iş elbisesi iş tulumu iş önlüğü iş pantolonu iş eldiveni nitril eldiven kaynakçı eldiveni kesilmez eldiven reflektörlü yelek ikaz yeleği fosforlu yelek yağmurluk tek kullanımlık tulum kimyasal tulum dizlik ppe workwear coveralls work gloves safety gloves hi vis vest reflective vest сиз спецодежда рабочие перчатки сигнальный жилет комбинезон
46181600	kkd iş güvenliği iş ayakkabısı iş botu iş çizmesi çelik burunlu ayakkabı çelik burunlu bot kompozit burunlu s1 s1p s2 s3 galoş ppe safety shoes steel toe work boots сиз спецобувь рабочая обувь рабочие ботинки
46181700	kkd iş güvenliği baret iş bareti işçi bareti şantiye bareti endüstriyel baret kask yüz siperi siperlik vizör kaynak maskesi kaynakçı maskesi kaynak başlığı bone saç bonesi ppe hard hat safety helmet face shield welding mask welding helmet сиз каска защитная каска сварочная маска лицевой щиток
46181800	kkd iş güvenliği iş gözlüğü koruyucu gözlük emniyet gözlüğü güvenlik gözlüğü çapak gözlüğü göz duşu göz yıkama istasyonu ppe safety glasses safety goggles eye protection eyewash сиз защитные очки
46181900	kkd iş güvenliği kulak tıkacı kulaklık manşonlu kulaklık gürültü önleyici kulaklık işitme koruyucu ppe earplugs ear muffs ear defenders hearing protection сиз беруши противошумные наушники
46182000	kkd iş güvenliği toz maskesi solunum maskesi gaz maskesi ffp1 ffp2 ffp3 n95 ventilli maske yarım yüz maske tam yüz maske filtreli maske maske filtresi temiz hava solunum cihazı tüplü solunum cihazı ppe dust mask respirator half mask full face mask breathing apparatus scba сиз респиратор противогаз защитная маска
46182100	esd esd bileklik antistatik bileklik topraklama bilekliği esd paspas antistatik paspas esd matı topuk bandı statik elektrik esd wrist strap esd mat electrostatic discharge антистатический браслет антистатический коврик заземление
46182200	bel korsesi bel kemeri bel desteği ağır kaldırma kemeri bileklik bilek desteği dizlik diz desteği ayak desteği ayaklık sırt desteği back support belt lifting belt back brace wrist rest footrest поддерживающий пояс бандаж подставка для ног
46182300	kkd iş güvenliği emniyet kemeri paraşüt tipi emniyet kemeri yüksekte çalışma yüksekte çalışma ekipmanı şok emicili halat düşüş durdurucu yaşam hattı ankraj ppe safety harness full body harness fall arrest fall arrester lifeline сиз страховочная привязь страховочный пояс работа на высоте
46182400	acil duş boy duşu güvenlik duşu temiz oda pass box dökülme kiti döküntü kiti kimyasal dökülme seti galoş makinesi emergency shower safety shower spill kit air shower cleanroom аварийный душ чистая комната набор для ликвидации разливов
46190000	yangın güvenliği yangın söndürme yangın ekipmanları yangın malzemeleri itfaiye malzemeleri fire safety fire fighting fire equipment пожарная безопасность пожаротушение пожарное оборудование
46191500	yangın alarm sistemi yangın ihbar sistemi yangın algılama sistemi yangın dedektörü duman dedektörü duman sensörü ısı dedektörü alev dedektörü yangın durdurucu yangın mastiği pasif yangın yalıtımı fire alarm smoke detector heat detector fire detection firestop пожарная сигнализация датчик дыма пожарный извещатель огнезащита
46191600	yangın tüpü yangın söndürme tüpü yangın söndürücü yangın söndürme cihazı yangın dolabı yangın hortumu itfaiye hortumu yangın battaniyesi sprinkler yangın köpüğü kkt kuru kimyevi tozlu abc tozlu karbondioksitli co2 köpüklü söndürme topu fire extinguisher fire hose fire hose cabinet fire blanket огнетушитель пожарный рукав пожарный шкаф спринклер
46210000	isg iş sağlığı ve güvenliği isg malzemeleri iş güvenliği malzemeleri işyeri güvenliği şantiye güvenliği ohs hse occupational health and safety охрана труда техника безопасности
46211500	isg iş sağlığı ve güvenliği isg eğitimi iş güvenliği eğitimi isg eğitim seti isg eğitim videosu isg el kitabı online isg eğitimi uzaktan eğitim ohs training safety training обучение охране труда инструктаж по технике безопасности
46211600	isg emniyet şeridi ikaz şeridi ikaz bandı uyarı bandı uyarı şeridi güvenlik şeridi şantiye şeridi ikaz bayrağı uyarı zinciri plastik zincir zincirli duba ikaz direği caution tape warning tape hazard tape warning chain safety post сигнальная лента оградительная лента сигнальная цепь
46211700	isg kaymaz bant kaydırmaz bant kaymaz şerit kaymaz paspas kaymaz zemin kaplaması merdiven kaymaz bandı anti slip tape non slip tape anti slip mat противоскользящая лента противоскользящее покрытие
